ano,Categoria CID-10,mes,OBITOS,AREA_DESMATADA_KM2,FRP,RISCOFOGO,PRECIPITACAO,DIASEMCHUVA,pm2.5_atm,QUALIDADE_AR_CLASSIFICADA,CID_PURO,Sensibilidade,Cluster
2020,J44   Outr doenc pulmonares obstrutivas cronicas,11,7.0,0.114769600547792,8.333333333333334,0.0166666666666666,2.411111111111111,0.8888888888888888,10.91375,Boa,J44,Alta,1
2020,J45   Asma,11,1.0,0.114769600547792,8.333333333333334,0.0166666666666666,2.411111111111111,0.8888888888888888,10.91375,Boa,J45,Alta,1
2020,J69   Pneumonite dev solidos e liquidos,11,2.0,0.114769600547792,8.333333333333334,0.0166666666666666,2.411111111111111,0.8888888888888888,10.91375,Boa,J69,Alta,1
2020,J43   Enfisema,12,2.0,0.030889388134596,3.975,0.0777777777777777,4.658333333333333,0.8333333333333334,9.6925,Boa,J43,Alta,1
2020,J44   Outr doenc pulmonares obstrutivas cronicas,12,13.0,0.030889388134596,3.975,0.0777777777777777,4.658333333333333,0.8333333333333334,9.6925,Boa,J44,Alta,1
2020,J45   Asma,12,1.0,0.030889388134596,3.975,0.0777777777777777,4.658333333333333,0.8333333333333334,9.6925,Boa,J45,Alta,1
2020,J47   Bronquectasia,12,1.0,0.030889388134596,3.975,0.0777777777777777,4.658333333333333,0.8333333333333334,9.6925,Boa,J47,Alta,1
2020,J69   Pneumonite dev solidos e liquidos,12,2.0,0.030889388134596,3.975,0.0777777777777777,4.658333333333333,0.8333333333333334,9.6925,Boa,J69,Alta,1
2021,J41   Bronquite cronica simples e a mucopurulenta,1,1.0,0.0182331010278264,4.8500000000000005,0.0,20.45,1.0,5.875,Boa,J41,Alta,1
2021,J43   Enfisema,1,3.0,0.0182331010278264,4.8500000000000005,0.0,20.45,1.0,5.875,Boa,J43,Alta,1
2021,J44   Outr doenc pulmonares obstrutivas cronicas,1,21.0,0.0182331010278264,4.8500000000000005,0.0,20.45,1.0,5.875,Boa,J44,Alta,1
2021,J45   Asma,1,3.0,0.0182331010278264,4.8500000000000005,0.0,20.45,1.0,5.875,Boa,J45,Alta,1
2021,J69   Pneumonite dev solidos e liquidos,1,3.0,0.0182331010278264,4.8500000000000005,0.0,20.45,1.0,5.875,Boa,J69,Alta,1
2021,J70   Afeccoes respirat dev outr agentes externos,1,1.0,0.0182331010278264,4.8500000000000005,0.0,20.45,1.0,5.875,Boa,J70,Alta,1
2021,J43   Enfisema,2,2.0,0.0791241909791171,1.2,0.0,0.2,0.0,27.022,Moderada,J43,Alta,1
2021,J44   Outr doenc pulmonares obstrutivas cronicas,2,11.0,0.0791241909791171,1.2,0.0,0.2,0.0,27.022,Moderada,J44,Alta,1
2021,J69   Pneumonite dev solidos e liquidos,2,2.0,0.0791241909791171,1.2,0.0,0.2,0.0,27.022,Moderada,J69,Alta,1
2021,J44   Outr doenc pulmonares obstrutivas cronicas,5,10.0,1.0784288082328748,3.3125,0.0,2.0375,1.125,11.756666666666666,Boa,J44,Alta,1
2021,J45   Asma,5,1.0,1.0784288082328748,3.3125,0.0,2.0375,1.125,11.756666666666666,Boa,J45,Alta,1
2021,J47   Bronquectasia,5,1.0,1.0784288082328748,3.3125,0.0,2.0375,1.125,11.756666666666666,Boa,J47,Alta,1
2021,J69   Pneumonite dev solidos e liquidos,5,2.0,1.0784288082328748,3.3125,0.0,2.0375,1.125,11.756666666666666,Boa,J69,Alta,1
2021,J43   Enfisema,6,1.0,0.6819677616517066,0.975,0.0,5.2875000000000005,1.375,10.377166666666666,Boa,J43,Alta,1
2021,J44   Outr doenc pulmonares obstrutivas cronicas,6,7.0,0.6819677616517066,0.975,0.0,5.2875000000000005,1.375,10.377166666666666,Boa,J44,Alta,1
2021,J69   Pneumonite dev solidos e liquidos,6,1.0,0.6819677616517066,0.975,0.0,5.2875000000000005,1.375,10.377166666666666,Boa,J69,Alta,1
2021,J43   Enfisema,7,1.0,1.3423109410263836,4.811111111111111,0.0904761904761904,1.3703703703703705,1.8148148148148149,13.082166666666666,Moderada,J43,Alta,1
2021,J44   Outr doenc pulmonares obstrutivas cronicas,7,14.0,1.3423109410263836,4.811111111111111,0.0904761904761904,1.3703703703703705,1.8148148148148149,13.082166666666666,Moderada,J44,Alta,1
2021,J45   Asma,7,2.0,1.3423109410263836,4.811111111111111,0.0904761904761904,1.3703703703703705,1.8148148148148149,13.082166666666666,Moderada,J45,Alta,1
2021,J47   Bronquectasia,7,1.0,1.3423109410263836,4.811111111111111,0.0904761904761904,1.3703703703703705,1.8148148148148149,13.082166666666666,Moderada,J47,Alta,1
2021,J67   Pneumonite hipersensibilid dev poeiras org,7,1.0,1.3423109410263836,4.811111111111111,0.0904761904761904,1.3703703703703705,1.8148148148148149,13.082166666666666,Moderada,J67,Alta,1
2021,J69   Pneumonite dev solidos e liquidos,7,5.0,1.3423109410263836,4.811111111111111,0.0904761904761904,1.3703703703703705,1.8148148148148149,13.082166666666666,Moderada,J69,Alta,1
2021,J43   Enfisema,8,5.0,0.6170629003137441,12.925,0.0658536585365853,2.0090909090909093,2.4545454545454546,17.5,Moderada,J43,Alta,1
2021,J44   Outr doenc pulmonares obstrutivas cronicas,8,6.0,0.6170629003137441,12.925,0.0658536585365853,2.0090909090909093,2.4545454545454546,17.5,Moderada,J44,Alta,1
2021,J45   Asma,8,2.0,0.6170629003137441,12.925,0.0658536585365853,2.0090909090909093,2.4545454545454546,17.5,Moderada,J45,Alta,1
2021,J62   Pneumoconiose dev poeira que cont silica,8,1.0,0.6170629003137441,12.925,0.0658536585365853,2.0090909090909093,2.4545454545454546,17.5,Moderada,J62,Alta,1
2021,J69   Pneumonite dev solidos e liquidos,8,7.0,0.6170629003137441,12.925,0.0658536585365853,2.0090909090909093,2.4545454545454546,17.5,Moderada,J69,Alta,1
2021,J40   Bronquite NE como aguda ou cronica,9,1.0,0.7068282526435723,12.778688524590164,0.0075471698113207,6.352459016393443,2.1639344262295084,14.3815,Moderada,J40,Alta,1
2021,J43   Enfisema,9,8.0,0.7068282526435723,12.778688524590164,0.0075471698113207,6.352459016393443,2.1639344262295084,14.3815,Moderada,J43,Alta,1
2021,J44   Outr doenc pulmonares obstrutivas cronicas,9,15.0,0.7068282526435723,12.778688524590164,0.0075471698113207,6.352459016393443,2.1639344262295084,14.3815,Moderada,J44,Alta,1
2021,J45   Asma,9,1.0,0.7068282526435723,12.778688524590164,0.0075471698113207,6.352459016393443,2.1639344262295084,14.3815,Moderada,J45,Alta,1
2021,J47   Bronquectasia,9,1.0,0.7068282526435723,12.778688524590164,0.0075471698113207,6.352459016393443,2.1639344262295084,14.3815,Moderada,J47,Alta,1
2021,J69   Pneumonite dev solidos e liquidos,9,4.0,0.7068282526435723,12.778688524590164,0.0075471698113207,6.352459016393443,2.1639344262295084,14.3815,Moderada,J69,Alta,1
2021,J43   Enfisema,10,6.0,0.3535852561095899,10.283636363636363,0.0117647058823529,1.778181818181818,1.6181818181818182,18.11925,Moderada,J43,Alta,1
2021,J44   Outr doenc pulmonares obstrutivas cronicas,10,7.0,0.3535852561095899,10.283636363636363,0.0117647058823529,1.778181818181818,1.6181818181818182,18.11925,Moderada,J44,Alta,1
2021,J69   Pneumonite dev solidos e liquidos,10,1.0,0.3535852561095899,10.283636363636363,0.0117647058823529,1.778181818181818,1.6181818181818182,18.11925,Moderada,J69,Alta,1
2021,J43   Enfisema,11,1.0,0.029869926598487,4.3,0.0,0.953846153846154,0.3076923076923077,9.98275,Boa,J43,Alta,1
2021,J44   Outr doenc pulmonares obstrutivas cronicas,11,12.0,0.029869926598487,4.3,0.0,0.953846153846154,0.3076923076923077,9.98275,Boa,J44,Alta,1
2021,J45   Asma,11,1.0,0.029869926598487,4.3,0.0,0.953846153846154,0.3076923076923077,9.98275,Boa,J45,Alta,1
2021,J69   Pneumonite dev solidos e liquidos,11,3.0,0.029869926598487,4.3,0.0,0.953846153846154,0.3076923076923077,9.98275,Boa,J69,Alta,1
2022,J43   Enfisema,1,2.0,0.0626847754272903,8.166666666666666,0.0,0.0,5.444444444444445,7.278,Boa,J43,Alta,1
2022,J44   Outr doenc pulmonares obstrutivas cronicas,1,25.0,0.0626847754272903,8.166666666666666,0.0,0.0,5.444444444444445,7.278,Boa,J44,Alta,1
2022,J45   Asma,1,1.0,0.0626847754272903,8.166666666666666,0.0,0.0,5.444444444444445,7.278,Boa,J45,Alta,1
2022,J69   Pneumonite dev solidos e liquidos,1,9.0,0.0626847754272903,8.166666666666666,0.0,0.0,5.444444444444445,7.278,Boa,J69,Alta,1
2022,J43   Enfisema,4,2.0,0.4972322781262226,1.9,0.0,11.7,0.0,5.8575,Boa,J43,Alta,1
2022,J44   Outr doenc pulmonares obstrutivas cronicas,4,13.0,0.4972322781262226,1.9,0.0,11.7,0.0,5.8575,Boa,J44,Alta,1
2022,J45   Asma,4,4.0,0.4972322781262226,1.9,0.0,11.7,0.0,5.8575,Boa,J45,Alta,1
2022,J68   Afecc resp dev inal prod quim gas fumac vap,4,1.0,0.4972322781262226,1.9,0.0,11.7,0.0,5.8575,Boa,J68,Alta,1
2022,J69   Pneumonite dev solidos e liquidos,4,4.0,0.4972322781262226,1.9,0.0,11.7,0.0,5.8575,Boa,J69,Alta,1
2022,J43   Enfisema,6,4.0,0.5689539891414291,1.38,0.02,0.0,1.0,8.062750000000001,Boa,J43,Alta,1
2022,J44   Outr doenc pulmonares obstrutivas cronicas,6,12.0,0.5689539891414291,1.38,0.02,0.0,1.0,8.062750000000001,Boa,J44,Alta,1
2022,J45   Asma,6,2.0,0.5689539891414291,1.38,0.02,0.0,1.0,8.062750000000001,Boa,J45,Alta,1
2022,J47   Bronquectasia,6,1.0,0.5689539891414291,1.38,0.02,0.0,1.0,8.062750000000001,Boa,J47,Alta,1
2022,J68   Afecc resp dev inal prod quim gas fumac vap,6,1.0,0.5689539891414291,1.38,0.02,0.0,1.0,8.062750000000001,Boa,J68,Alta,1
2022,J69   Pneumonite dev solidos e liquidos,6,2.0,0.5689539891414291,1.38,0.02,0.0,1.0,8.062750000000001,Boa,J69,Alta,1
2022,J43   Enfisema,7,3.0,0.7024424376829312,6.8625,0.04875,2.1110344827586207,1.7241379310344829,13.8005,Moderada,J43,Alta,1
2022,J44   Outr doenc pulmonares obstrutivas cronicas,7,16.0,0.7024424376829312,6.8625,0.04875,2.1110344827586207,1.7241379310344829,13.8005,Moderada,J44,Alta,1
2022,J47   Bronquectasia,7,1.0,0.7024424376829312,6.8625,0.04875,2.1110344827586207,1.7241379310344829,13.8005,Moderada,J47,Alta,1
2022,J69   Pneumonite dev solidos e liquidos,7,3.0,0.7024424376829312,6.8625,0.04875,2.1110344827586207,1.7241379310344829,13.8005,Moderada,J69,Alta,1
2022,J43   Enfisema,8,6.0,0.4431254193363511,7.482051282051282,0.1283636363636363,1.6553623188405795,-41.18840579710145,28.739833333333333,Moderada,J43,Alta,0
2022,J44   Outr doenc pulmonares obstrutivas cronicas,8,20.0,0.4431254193363511,7.482051282051282,0.1283636363636363,1.6553623188405795,-41.18840579710145,28.739833333333333,Moderada,J44,Alta,0
2022,J45   Asma,8,2.0,0.4431254193363511,7.482051282051282,0.1283636363636363,1.6553623188405795,-41.18840579710145,28.739833333333333,Moderada,J45,Alta,0
2022,J69   Pneumonite dev solidos e liquidos,8,4.0,0.4431254193363511,7.482051282051282,0.1283636363636363,1.6553623188405795,-41.18840579710145,28.739833333333333,Moderada,J69,Alta,0
2022,J43   Enfisema,9,2.0,0.4072789081709509,10.76551724137931,0.1286231884057971,1.1677931034482758,2.3517241379310345,32.6945,Moderada,J43,Alta,2
2022,J44   Outr doenc pulmonares obstrutivas cronicas,9,15.0,0.4072789081709509,10.76551724137931,0.1286231884057971,1.1677931034482758,2.3517241379310345,32.6945,Moderada,J44,Alta,2
2022,J68   Afecc resp dev inal prod quim gas fumac vap,9,1.0,0.4072789081709509,10.76551724137931,0.1286231884057971,1.1677931034482758,2.3517241379310345,32.6945,Moderada,J68,Alta,2
2022,J69   Pneumonite dev solidos e liquidos,9,4.0,0.4072789081709509,10.76551724137931,0.1286231884057971,1.1677931034482758,2.3517241379310345,32.6945,Moderada,J69,Alta,2
2022,J43   Enfisema,10,1.0,0.2040913008648712,4.9366666666666665,0.0296296296296296,2.423,1.7666666666666666,26.647,Moderada,J43,Alta,1
2022,J44   Outr doenc pulmonares obstrutivas cronicas,10,20.0,0.2040913008648712,4.9366666666666665,0.0296296296296296,2.423,1.7666666666666666,26.647,Moderada,J44,Alta,1
2022,J45   Asma,10,2.0,0.2040913008648712,4.9366666666666665,0.0296296296296296,2.423,1.7666666666666666,26.647,Moderada,J45,Alta,1
2022,J69   Pneumonite dev solidos e liquidos,10,3.0,0.2040913008648712,4.9366666666666665,0.0296296296296296,2.423,1.7666666666666666,26.647,Moderada,J69,Alta,1
2022,J43   Enfisema,11,3.0,0.1231031447865002,4.321428571428571,0.05,3.8469230769230767,2.1538461538461537,18.118,Moderada,J43,Alta,1
2022,J44   Outr doenc pulmonares obstrutivas cronicas,11,15.0,0.1231031447865002,4.321428571428571,0.05,3.8469230769230767,2.1538461538461537,18.118,Moderada,J44,Alta,1
2022,J69   Pneumonite dev solidos e liquidos,11,3.0,0.1231031447865002,4.321428571428571,0.05,3.8469230769230767,2.1538461538461537,18.118,Moderada,J69,Alta,1
2022,J43   Enfisema,12,1.0,0.027483759661027,1.54,0.01,1.8425,0.0,10.16875,Boa,J43,Alta,1
2022,J44   Outr doenc pulmonares obstrutivas cronicas,12,12.0,0.027483759661027,1.54,0.01,1.8425,0.0,10.16875,Boa,J44,Alta,1
2022,J45   Asma,12,2.0,0.027483759661027,1.54,0.01,1.8425,0.0,10.16875,Boa,J45,Alta,1
2022,J69   Pneumonite dev solidos e liquidos,12,6.0,0.027483759661027,1.54,0.01,1.8425,0.0,10.16875,Boa,J69,Alta,1
2023,J43   Enfisema,5,1.0,0.5818300963468707,2.075,0.0,1.395,0.0,5.487222222222222,Boa,J43,Alta,1
2023,J44   Outr doenc pulmonares obstrutivas cronicas,5,17.0,0.5818300963468707,2.075,0.0,1.395,0.0,5.487222222222222,Boa,J44,Alta,1
2023,J45   Asma,5,2.0,0.5818300963468707,2.075,0.0,1.395,0.0,5.487222222222222,Boa,J45,Alta,1
2023,J69   Pneumonite dev solidos e liquidos,5,7.0,0.5818300963468707,2.075,0.0,1.395,0.0,5.487222222222222,Boa,J69,Alta,1
2023,J43   Enfisema,6,2.0,0.4985479141020253,4.152380952380953,0.0344444444444444,0.189047619047619,3.571428571428572,9.07795,Boa,J43,Alta,1
2023,J44   Outr doenc pulmonares obstrutivas cronicas,6,23.0,0.4985479141020253,4.152380952380953,0.0344444444444444,0.189047619047619,3.571428571428572,9.07795,Boa,J44,Alta,1
2023,J45   Asma,6,1.0,0.4985479141020253,4.152380952380953,0.0344444444444444,0.189047619047619,3.571428571428572,9.07795,Boa,J45,Alta,1
2023,J69   Pneumonite dev solidos e liquidos,6,3.0,0.4985479141020253,4.152380952380953,0.0344444444444444,0.189047619047619,3.571428571428572,9.07795,Boa,J69,Alta,1
2023,J43   Enfisema,7,1.0,0.3449754120867559,11.909090909090908,0.2129411764705882,0.5572727272727273,4.136363636363637,14.7505,Moderada,J43,Alta,2
2023,J44   Outr doenc pulmonares obstrutivas cronicas,7,15.0,0.3449754120867559,11.909090909090908,0.2129411764705882,0.5572727272727273,4.136363636363637,14.7505,Moderada,J44,Alta,2
2023,J45   Asma,7,1.0,0.3449754120867559,11.909090909090908,0.2129411764705882,0.5572727272727273,4.136363636363637,14.7505,Moderada,J45,Alta,2
2023,J47   Bronquectasia,7,1.0,0.3449754120867559,11.909090909090908,0.2129411764705882,0.5572727272727273,4.136363636363637,14.7505,Moderada,J47,Alta,2
2023,J69   Pneumonite dev solidos e liquidos,7,4.0,0.3449754120867559,11.909090909090908,0.2129411764705882,0.5572727272727273,4.136363636363637,14.7505,Moderada,J69,Alta,2
2023,J44   Outr doenc pulmonares obstrutivas cronicas,8,20.0,0.3225456920701262,6.096551724137931,0.1520253164556962,2.104942528735632,2.425287356321839,22.723750000000003,Moderada,J44,Alta,1
2023,J69   Pneumonite dev solidos e liquidos,8,4.0,0.3225456920701262,6.096551724137931,0.1520253164556962,2.104942528735632,2.425287356321839,22.723750000000003,Moderada,J69,Alta,1
2023,J42   Bronquite cronica NE,9,1.0,0.3322599722181735,13.673885350318471,0.4536912751677852,1.6037579617834394,4.560509554140127,38.29795454545455,Ruim,J42,Alta,2
2023,J43   Enfisema,9,2.0,0.3322599722181735,13.673885350318471,0.4536912751677852,1.6037579617834394,4.560509554140127,38.29795454545455,Ruim,J43,Alta,2
2023,J44   Outr doenc pulmonares obstrutivas cronicas,9,8.0,0.3322599722181735,13.673885350318471,0.4536912751677852,1.6037579617834394,4.560509554140127,38.29795454545455,Ruim,J44,Alta,2
2023,J45   Asma,9,3.0,0.3322599722181735,13.673885350318471,0.4536912751677852,1.6037579617834394,4.560509554140127,38.29795454545455,Ruim,J45,Alta,2
2023,J69   Pneumonite dev solidos e liquidos,9,2.0,0.3322599722181735,13.673885350318471,0.4536912751677852,1.6037579617834394,4.560509554140127,38.29795454545455,Ruim,J69,Alta,2
2023,J43   Enfisema,10,3.0,0.163958094206068,9.411650485436892,0.3762376237623762,1.052718446601942,4.252427184466019,59.329,Muito Ruim,J43,Alta,2
2023,J44   Outr doenc pulmonares obstrutivas cronicas,10,13.0,0.163958094206068,9.411650485436892,0.3762376237623762,1.052718446601942,4.252427184466019,59.329,Muito Ruim,J44,Alta,2
2023,J69   Pneumonite dev solidos e liquidos,10,6.0,0.163958094206068,9.411650485436892,0.3762376237623762,1.052718446601942,4.252427184466019,59.329,Muito Ruim,J69,Alta,2
2023,J43   Enfisema,11,4.0,0.0541788307443943,4.64,0.0636,0.7676000000000001,5.48,49.07219230769231,Ruim,J43,Alta,2
2023,J44   Outr doenc pulmonares obstrutivas cronicas,11,22.0,0.0541788307443943,4.64,0.0636,0.7676000000000001,5.48,49.07219230769231,Ruim,J44,Alta,2
2023,J45   Asma,11,1.0,0.0541788307443943,4.64,0.0636,0.7676000000000001,5.48,49.07219230769231,Ruim,J45,Alta,2
2023,J47   Bronquectasia,11,1.0,0.0541788307443943,4.64,0.0636,0.7676000000000001,5.48,49.07219230769231,Ruim,J47,Alta,2
2023,J60   Pneumoconiose dos mineiros de carvao,11,1.0,0.0541788307443943,4.64,0.0636,0.7676000000000001,5.48,49.07219230769231,Ruim,J60,Alta,2
2023,J69   Pneumonite dev solidos e liquidos,11,3.0,0.0541788307443943,4.64,0.0636,0.7676000000000001,5.48,49.07219230769231,Ruim,J69,Alta,2
